source,review_description,rating,review_date
Google Play,Very good app for Android phone and me,5,27-08-2023 10:31
Google Play,SlğŸ‘ğŸ‘ğŸ‘ğŸ‘,5,27-08-2023 10:28
Google Play,Best app,5,27-08-2023 9:47
Google Play,Gatiya app,1,27-08-2023 9:13
Google Play,Lit bruv,5,27-08-2023 9:00
Google Play,Good,5,27-08-2023 8:48
Google Play,Don't install for privacy concern It's track your keywords It track your browsing history Etc,1,27-08-2023 8:47
Google Play,Like probably,5,27-08-2023 8:43
Google Play,Ù„Ø§ Ø§Ø³ØªØ·ÙŠØ¹ Ù†Ø´Ø± Ø´ÙŠØ¡ØŒ ÙˆÙ„Ø§ Ø­ØªÙ‰ Ù…Ø´Ø§Ù‡Ø¯Ø© Ù…Ø­ØªÙˆÙ‰ Ø§Ù„ØµÙØ­Ø§Øª Ø§Ù„ØªÙŠ Ø§ØªØ§Ø¨Ø¹Ù‡Ø§ØŒ Ù‚Ø¯Ù…Øª Ø¨Ù„Ø§Øº Ø¹Ù† Ù…Ø´ÙƒÙ„Ù‡ ÙˆÙ„Ù… Ø§ØªÙ„Ù‚Ù‰ Ø±Ø¯ Ø§Ùˆ Ø­Ù„,1,27-08-2023 8:39
Google Play,ğŸ•ºğŸ•ºâ•â•ğŸ•ºğŸ½,5,27-08-2023 8:19
Google Play,Elon from marse,5,27-08-2023 8:00
Google Play,Poor application,1,27-08-2023 7:44
Google Play,à¤¬à¤¹à¥à¤¤ à¤…à¤šà¥à¤›à¤¾ à¤à¤ªà¥à¤²à¥€à¤•à¥‡à¤¶à¤¨,5,27-08-2023 7:41
Google Play,Super app,5,27-08-2023 7:20
Google Play,R to it,5,27-08-2023 7:15
Google Play,Worst threads,1,27-08-2023 7:13
Google Play,Mahendra Kushwaha,5,27-08-2023 7:04
Google Play,Nic,5,27-08-2023 7:02
Google Play,worst.. useless app,1,27-08-2023 7:01
Google Play,Exact copy of X (twitter),1,27-08-2023 6:08
Google Play,â¤â¤â¤â¤â¤â¤,5,27-08-2023 6:00
Google Play,This ap very useful â¤ï¸,2,27-08-2023 5:42
Google Play,Trade,5,27-08-2023 5:38
Google Play,Nice,4,27-08-2023 4:51
Google Play,I had to delete the app. Taking forever to upload pictures,1,27-08-2023 4:44
Google Play,Nice,5,27-08-2023 4:32
Google Play,Trash,1,27-08-2023 4:16
Google Play,this application is trash,1,27-08-2023 2:58
Google Play,"I downloaded the Threads app with high hopes, but my experience has been quite disappointing. The app's lack of optimization is immediately noticeable â€“ it feels sluggish and unresponsive. What's even worse is that the app crashes multiple times, making it incredibly frustrating to use. It's evident that the app contains numerous bugs and errors, which further hampers its usability. I really wanted to like Threads, but its current state leaves much to be desired. I hope the developers address th",3,27-08-2023 2:29
Google Play,"I don't know if my posts are being seen, but my main issue is that when I share on my Instagram stories, no one can see it. I'm either doing something wrong or it's bugged. Assuming anyone will actually read this review.",2,27-08-2023 2:20
Google Play,DKRAJ,5,27-08-2023 2:08
Google Play,Can't open it,1,27-08-2023 1:48
Google Play,bad,1,27-08-2023 0:20
Google Play,Waste app linked to Instagram,1,27-08-2023 0:15
Google Play,Getting much better with the newest updates!,5,26-08-2023 23:19
Google Play,I love this app it's hipsful,2,26-08-2023 22:35
Google Play,I hope to add direct messagesğŸ§µ,5,26-08-2023 21:58
Google Play,I like the app but my post doesn't show on the home section but other people's post show on the home section.And I can't see any reply on my post.And i can't Dm someone.Wny?,1,26-08-2023 21:50
Google Play,"Needs work but has potential, I would use this for following news and getting current events quickly. Just get headlines then maybe click to read full articles or go to another site for more info/interaction. This needs better search and a search by location function. Facebook &or Instagram is better for friends and families sharing or more in-depth interactions.",2,26-08-2023 21:22
Google Play,TwitterğŸ¦ğŸ¦ son ğŸ˜‚ğŸ˜‚,1,26-08-2023 20:54
Google Play,Don't like it,1,26-08-2023 19:20
Google Play,Bohot acha hai but I post daily but still my followers are not increasing,5,26-08-2023 18:59
Google Play,Doesn't like the concept much,1,26-08-2023 18:53
Google Play,"Full of American far left politics, got bored quickly and left.",1,26-08-2023 18:52
Google Play,Twitter Twitter Twitter,1,26-08-2023 18:34
Google Play,Good ğŸ‘,4,26-08-2023 18:33
Google Play,Good,5,26-08-2023 18:04
Google Play,à¦•à¦¿à¦¸à§‡à¦° à¦ªà§à¦°à¦¯à¦¼à§‹à¦œà¦¨ à¦­à¦¿à¦¨à§à¦¨ à¦…à§à¦¯à¦¾à¦ªà§‡à¦°!à¦‡à¦¨à¦¸à§à¦Ÿà¦¾à¦—à§à¦°à¦¾à¦®à§‡à¦° à¦à¦° à¦†à¦ªà¦¡à§‡à¦Ÿ à¦¨à¦¿à¦¯à¦¼à§‡ à¦†à¦¸à§à¦¨ à¦¹à¦¯à¦¼à§‡ à¦—à§‡à¦²à§‹! à¦à¦•à§à¦¸à¦Ÿà§à¦°à¦¾ à¦•à¦°à§‡ à¦¦à§à¦‡à¦Ÿà¦¾ à¦…à§à¦¯à¦¾à¦ª à¦¡à¦¾à¦‰à¦¨à¦²à§‹à¦¡ à¦•à¦°à¦¤à§‡ à¦¹à¦¯à¦¼! à¦•à¦¿ à¦²à¦¾à¦­ à¦à¦Ÿà¦¾à¦¤à§‡?,1,26-08-2023 18:02
Google Play,No sure,5,26-08-2023 17:54
Google Play,Follow karo jyada,5,26-08-2023 16:54
Google Play,Good,5,26-08-2023 16:53
Google Play,"I love the app, its style and speed is slow, it needs to be improved",4,26-08-2023 16:49
Google Play,Disgusting,1,26-08-2023 16:48
Google Play,NICE APP,5,26-08-2023 16:42
Google Play,"R.Roja , lnstagram , lnstagram link video download please please ğŸ™ğŸ™ğŸ™ğŸ¥ºğŸ¥º",3,26-08-2023 16:41
Google Play,Amazing ğŸ˜ğŸ¤©,4,26-08-2023 16:39
Google Play,"Basics learning of use type, my photo attach function in 'reply' is now blocked without notice nor explanation. Possibilities perspectives, I love..",4,26-08-2023 16:38
Google Play,Yw a a sqvr we 85 cr P l eâ´w3. V R. Rw,3,26-08-2023 16:29
Google Play,V good,5,26-08-2023 15:34
Google Play,Please don't install this app or create your threads account its just messing with your instagram account,1,26-08-2023 15:01
Google Play,Mattusaab506,5,26-08-2023 15:01
Google Play,ğŸ‡®ğŸ‡³,5,26-08-2023 14:57
Google Play,Lots Of Bugs,1,26-08-2023 14:53
Google Play,Bad,1,26-08-2023 14:40
Google Play,very bad app,1,26-08-2023 14:36
Google Play,"its okay, hard to explore new content, there is no explore page yet. hard to find trending content/current content. the app is very bare bones at the moment but it does what it needs to. i would like to see trending content/ news content, and a way to explore new content without scrolling past new posts from accounts i currently follow on the home page",1,26-08-2023 14:34
Google Play,That's Great,5,26-08-2023 14:29
Google Play,Benki pa ni,4,26-08-2023 14:08
Google Play,"I like the concept of Threads. It's basically Twitter without the craziness that has taken over that app. I also like that it is attached to your Instagram account. However, the lack of hashtags makes it very hard to find communities and topics to follow. Fix that, and the app should go far.",3,26-08-2023 14:06
Google Play,Good app,5,26-08-2023 13:46
Google Play,Don't know how to use it,1,26-08-2023 12:41
Google Play,Good,5,26-08-2023 12:32
Google Play,"BLUF - to delete threads you have to delete instagram! They're collecting a massive amount of data on you too. Remember, META is an ADVERTISING COMPANY with a disgusting POLITICAL AGENDA, not a social media company only people giving this garbage positive reviews are employees. Another app by a greedy anti-american woke company that needs to disappear. Mark Zuckerberg, the democrat puppet, needs to fade away back to the slime he was bred from. We don't need your censorship on another platform!!",1,26-08-2023 12:07
Google Play,PankaJ_creator_3k,5,26-08-2023 11:33
Google Play,Why scheduling post system not inbuilt in threads?,2,26-08-2023 11:31
Google Play,It's Facebook 2.0. No better. A failed attempt to save a dying company.,1,26-08-2023 11:30
Google Play,ØµØ±Ù‚Ø© Ù…Ù† Ø§Ù„Ø¹Ù… ØªÙˆÙŠØªØ±,1,26-08-2023 10:58
Google Play,"Great community, as of late August 2023, still missing some key features but they are working on it. All around a fun place to be.",5,26-08-2023 10:53
Google Play,Nice,5,26-08-2023 10:03
Google Play,Interesting,5,26-08-2023 9:39
Google Play,Love this...,5,26-08-2023 9:13
Google Play,Nice ğŸ‘,4,26-08-2023 8:06
Google Play,Nice,5,26-08-2023 8:03
Google Play,Instagram Manish 645100,5,26-08-2023 7:02
Google Play,Copy master zucc,1,26-08-2023 6:52
Google Play,Ratan kumar,5,26-08-2023 6:38
Google Play,This apps video w/ audio still doesn't work properly. I can't watch anything on this app. It's literally just pictures and posts. Why?,1,26-08-2023 6:21
Google Play,"This app is not bad tho I like it but i don't use it much cause everything in this app looks like Twitters copy paste, I'm requesting please add some new updates that we can just use in this app not any other app tho kk",3,26-08-2023 5:35
Google Play,Very good,5,26-08-2023 5:22
Google Play,Threads badge shortcut option not showing,1,26-08-2023 5:11
Google Play,à®à®•à¯à®¸à®¾à®šà®¾ à®¨à®¾à®©à¯ à®…à®µà®³à¯ à®‰à®Ÿà®²à¯ à®‰à®±à¯à®ªà¯à®ªà¯à®•à®³à¯ à®à®©à¯à®±à¯ à®…à®µà®°à¯à®•à®³à¯ à®•à®°à¯à®¤à®¿à®©à®°à¯,4,26-08-2023 4:49
Google Play,Nice app,5,26-08-2023 4:34
Google Play,Amazing,5,26-08-2023 4:23
Google Play,Rajneesh dass ji,5,26-08-2023 4:21
Google Play,That's good application ğŸ‘,5,26-08-2023 4:19
Google Play,Super,5,26-08-2023 4:17
Google Play,It's better than a kick in the face with a golf shoe.,3,26-08-2023 4:12
Google Play,Worst app ever that I have used now.,1,26-08-2023 3:51
Google Play,Manjeetkaur,5,26-08-2023 3:21
Google Play,"I don't know why needs to launch this app we already have Instagram, Facebook and many social media apps for sharing our idea and thoughts. It is worthless. It is my opinion.",2,26-08-2023 3:16
Google Play,Laljee nishad,3,26-08-2023 3:04
Google Play,such a waste. how about fix instagram instead of making a new twitter,1,26-08-2023 2:58
Google Play,Unable to follow people.,1,26-08-2023 2:30
Google Play,Meh X is better. This is a graveyard app,1,26-08-2023 2:26
Google Play,"Overrated Twitter is better, or should i say ğ•.",1,26-08-2023 2:10
Google Play,Diwana loveing,5,26-08-2023 2:01
Google Play,Missing a lot of basic features,1,26-08-2023 1:30
Google Play,I like it,5,26-08-2023 0:48
Google Play,Very very interesting app ğŸ‘ŒğŸ‘ŒğŸ‘ŒğŸ‘ŒğŸ‘ŒğŸ‘ŒğŸ‘ŒğŸ‘ŒğŸ‘ŒğŸ‘ŒğŸ‘ŒğŸ‘ŒğŸ‘Œ,5,26-08-2023 0:34
Google Play,I ended up deleting this app because I couldn't find much use for it & it takes up too much space for basically being Twitter but with the same people I have on Instagram. I regrettably sent my friends list with a request to join this app only to realize Instagram is just easier. An attempt was made though.,1,25-08-2023 21:23
Google Play,I will not use this app until I can have a separate account from my IG account. A world of us would prefer to not have everything linked together.,1,25-08-2023 20:57
Google Play,Nice and clean app. I hope they don't ruin it,5,25-08-2023 20:33
Google Play,Good app the only thing it's missing is analytics and views thank you,5,25-08-2023 20:13
Google Play,twitter lite so not bad.,3,25-08-2023 19:22
Google Play,Just idk what to say,4,25-08-2023 19:14
Google Play,Best App ğŸ˜‹,5,25-08-2023 18:59
Google Play,Raman Nayak,5,25-08-2023 18:31
Google Play,If Instagram credentials are required then why we need this app? Why many apps for similar purpose,1,25-08-2023 18:00
Google Play,All support help my device,5,25-08-2023 17:44
Google Play,Ø³ÙŠØ¡,1,25-08-2023 17:34
Google Play,Not bad,3,25-08-2023 16:50
Google Play,Awesome,5,25-08-2023 16:34
Google Play,Of no use,1,25-08-2023 16:30
Google Play,Not usefull,3,25-08-2023 16:12
Google Play,Kya app banaya ğŸ‘ isase achcha to Instagram kuchh naya feature do earning ka,1,25-08-2023 16:03
Google Play,Best,5,25-08-2023 16:01
Google Play,This app is not open,1,25-08-2023 15:48
Google Play,Refreshing my feed will show complete random and irrelevant contents,1,25-08-2023 15:33
Google Play,Disappointing quiet app no way near the engagement level of Instagram or Twitter Would like to see more people I know using this instead of x,1,25-08-2023 15:14
Google Play,Va sprâ¤ï¸,5,25-08-2023 15:09
Google Play,ğŸ—‘ ğŸš® Trash,1,25-08-2023 15:08
Google Play,Need more to improve,1,25-08-2023 15:07
Google Play,TEAM AWESOME,5,25-08-2023 15:02
Google Play,Nice app,5,25-08-2023 14:51
Google Play,Do I need to sign up Instagram? Why does it hard to start Threads? I try to surf Threads but it quite complicated and huge rules to sign up. (1/10) I prefer personal email.,1,25-08-2023 14:46
Google Play,1m follow,5,25-08-2023 14:43
Google Play,This app is really good app,1,25-08-2023 14:22
Google Play,What a pointless repetitive app. Why use this if you already use instacrap,1,25-08-2023 14:17
Google Play,It can be better,3,25-08-2023 13:46
Google Play,Diii,4,25-08-2023 13:38
Google Play,NiceğŸ¥°,5,25-08-2023 13:28
Google Play,I don't know why people hate this platform I love insta and threads the are best try and give 5 star â¤ï¸â¤ï¸â¤ï¸â¤ï¸,5,25-08-2023 12:32
Google Play,Dog poo echo chamber for the left.,1,25-08-2023 12:31
Google Play,nice App,5,25-08-2023 12:23
Google Play,Getting the hang,5,25-08-2023 12:16
Google Play,TO CHEGHAD BIKARI KE DARI REVIEWS RO NEGAH MIKONI,1,25-08-2023 12:02
Google Play,Needs to be updated,4,25-08-2023 11:08
Google Play,Very bad app,1,25-08-2023 10:53
Google Play,Followers Instagram and king,5,25-08-2023 10:44
Google Play,"As I said it had a solid start but if the updates can't come sooner than later than I don't see this app lasting at all anymore, but hope they come soon enough :(",1,25-08-2023 10:24
Google Play,Very good app,5,25-08-2023 10:18
Google Play,"This is one of the best text based apps I've downloaded, it has such a simple design and interesting UI, it worths downloading. Developers, Some features like Toggling of dark mode, thread DM's and even a visible insight button on how many accounts a thread has reached will make the app more interesting. I hope to see these features in the next big update.",5,25-08-2023 10:14
Google Play,Good,5,25-08-2023 9:04
Google Play,Please my Instagram I'd @itz_huzaif_modal please give me threads badge return please threads app,5,25-08-2023 8:46
Google Play,ğŸ˜ˆ,5,25-08-2023 8:16
Google Play,Just another social media app where everyone wants to be a star,3,25-08-2023 7:39
Google Play,Good,5,25-08-2023 7:32
Google Play,Beat Xï¼ŸI don't think so,1,25-08-2023 7:27
Google Play,Absolutely a fail! Sorry back to x!,1,25-08-2023 6:49
Google Play,Pointless,2,25-08-2023 6:23
Google Play,Waste of time app,2,25-08-2023 6:03
Google Play,this is excellent app,5,25-08-2023 6:02
Google Play,UI is great I wish you have this kind of UI on WhatsApp and fb too but excuse me can you please rather then making a different app put all threads features on Instagram somewhere. 2 different features in one app will be better. I don't need this app.,1,25-08-2023 5:57
Google Play,Gd apk,5,25-08-2023 5:43
Google Play,pls add hashtag and trends,3,25-08-2023 5:42
Google Play,ğŸ¤ğŸŒªğŸª,5,25-08-2023 5:02
Google Play,Amezing app linked on Instagram,5,25-08-2023 4:57
Google Play,There's nothing to encourage me to stick with it. It's more about pushing accounts I don't follow than letting me view the ones I'm interested in. Cannon fodder for promoting.,1,25-08-2023 4:40
Google Play,Make Threads Great without Instagram. Should be stand alone app.,4,25-08-2023 4:33
Google Play,I can't log in into threadsğŸ˜°,1,25-08-2023 4:23
Google Play,Its crashing,1,25-08-2023 3:56
Google Play,"This app NEEDS a better search if it's truly going to replace Twitter. Once we get that, I'll happily give it 4 stars. If we get bookmarks and gifs in addition to that, I'll give it 5.",3,25-08-2023 3:47
Google Play,"Decent app but missing some core functionality. This is an Instagram App, let me double tap to like something",4,25-08-2023 3:35
Google Play,This aap is so osam,5,25-08-2023 3:09
Google Play,ğŸ’€,1,25-08-2023 2:52
Google Play,Average,2,25-08-2023 2:41
Google Play,Bicky,5,25-08-2023 2:40
Google Play,Why there is no option for using two accounts at a time,2,25-08-2023 2:37
Google Play,too monotonous do not thrive,1,25-08-2023 2:16
Google Play,Very poor app,1,25-08-2023 1:36
Google Play,"Doing good so far, but seriously needs a trending feature. Like, now.",4,25-08-2023 1:21
Google Play,Very good,5,25-08-2023 1:16
Google Play,Better,5,25-08-2023 0:57
Google Play,My videos freeze when I enable sound. Update: Videos still freeze whenever I enable sound. Can't watch any videos with sound turned on. Not a problem on my side because every other app seems to work fine with sound.,1,25-08-2023 0:40
Google Play,ğŸ’¯,5,25-08-2023 0:20
Google Play,It's really clunky to use. Really difficult to follow a thread. ğŸ™„,2,25-08-2023 0:05
Google Play,I wish you get better timeline scrolling. I don't want the most recent threads at the top. I want to scroll to the top to get there. Fix it,2,24-08-2023 23:27
Google Play,"The people are great, a lot of good discussions, but the app is getting buggier by the day, posting errors galore, and can't copy the failed posts to repost, have to type the whole thing out again... And where is the promised desk top version? The website just shows the same thing it's shown since day one... Weak sauce, Zuckerberg... Weak sauce.",2,24-08-2023 22:41
Google Play,Good app,5,24-08-2023 19:38
Google Play,Garbage. Just use Twitter,1,24-08-2023 19:26
Google Play,Bad,1,24-08-2023 18:27
Google Play,Nice,5,24-08-2023 18:26
Google Play,Useless,1,24-08-2023 18:21
Google Play,Great on android.,4,24-08-2023 18:03
Google Play,"The time stamps are not accurate. I posted a few things on here well over 3 / 4 weeks ago and I noticed the ""time stamp"" (1 w, 6 days...etc.) is incorrect. It seems like alot just to place reports in a seperate tab. Maybe, some people like to see that on their main page. The majority of people aren't going to spend time tabbing through someone's profile just like instagram.",4,24-08-2023 17:51
Google Play,à¦•à¦ªà¦¿ à¦•à¦°à¦¾ à¦®à¦¾à¦² à¦•à¦–à¦¨à§‹à¦‡ à¦­à¦¾à¦²à§‹ à¦¹à§Ÿà¦¨à¦¾à¥¤ à¦à¦°à¦šà§‡à§Ÿà§‡ à¦¶à¦¤à¦—à§à¦£ à¦­à¦¾à¦²à§‹ X/Twitter.,1,24-08-2023 17:33
Google Play,Entha Payanum Illa.,2,24-08-2023 17:30
Google Play,Sunny king ğŸ‘‘___ğŸ¥€___ğŸ’”ğŸ˜‡â˜__ğŸ™‡,1,24-08-2023 17:23
Google Play,Nice,5,24-08-2023 17:19
Google Play,Super,5,24-08-2023 17:08
Google Play,Ewww,1,24-08-2023 17:02
Google Play,Good,5,24-08-2023 17:01
Google Play,Nice,5,24-08-2023 16:36
Google Play,"Afterall its an Instagram app, lacks important personalities as competition and need much improvement in feed as it resembles very much photographs of models or memes",3,24-08-2023 16:20
Google Play,Very Good appp,5,24-08-2023 16:16
Google Play,ğŸ‘Œ,5,24-08-2023 16:08
Google Play,Just because,1,24-08-2023 15:42
Google Play,Best apps,5,24-08-2023 15:41
Google Play,There is no way to signup for this app. It is 100% dependent on an Instagram account. Sad.,1,24-08-2023 15:33
Google Play,Poor 8dea,1,24-08-2023 15:18
Google Play,:DD,1,24-08-2023 15:15
Google Play,"I am experiencing a frustrating bug with this app and I hope the developers can fix it soon. The bug occurs when I try to open multiple thread links from another app. The first link opens fine, but the second link does not load properly. It shows the content of the first link instead of the second one. The only way to open the second link is to close the app completely and then click on it (the link) again. This is very inconvenient and annoying. Please resolve this issue as soon as possible.",4,24-08-2023 14:58
Google Play,Nice,3,24-08-2023 14:55
Google Play,it is possible to share insta reels to threads right away?,3,24-08-2023 14:27
Google Play,Nice,5,24-08-2023 14:22
Google Play,If after singing in I am by default start following then why I can't get followers by default. It's an Instagram app so if I am following someone and that person is also following me on Instagram then why it doesn't happen in Threads by default because we have already approved each other in one app then what's the point of doing all that again. While copying X (Twitter) Meta has created mess and the most funny thing is you can't even delete this mess.,1,24-08-2023 14:11
Google Play,Phenomenal ğŸ™ŒğŸ¾,5,24-08-2023 13:57
Google Play,"What new innovation is it? It could be better if you try to challenge twitter with open source platform to revolutionize free speech. But this just seems like a new way to collecting the data and earning sales revenue. I order to delete thread profile, have to delete insta account as well. What a pathetic idea. Hope some one find the instagram replacement. So, I can delete both.",1,24-08-2023 13:43
Google Play,Bad clone of Twitter! ğŸ‘,1,24-08-2023 13:25
Google Play,It's good app i like to do editing program in the app,5,24-08-2023 12:40
Google Play,Sooo pointless..,1,24-08-2023 12:28
Google Play,It's very entertainingğŸ˜ğŸ˜,5,24-08-2023 11:49
Google Play,Good application ğŸ‘,5,24-08-2023 11:11
Google Play,Nice,5,24-08-2023 10:40
Google Play,good,5,24-08-2023 10:15
Google Play,Good,5,24-08-2023 10:07
Google Play,Tati chenel,1,24-08-2023 9:59
Google Play,Totally bad.. I'm just seeing Brands accounts only.. It is just IG cringe users..,1,24-08-2023 9:43
Google Play,It's definitely have a specific audience,3,24-08-2023 9:40
Google Play,á€–á€¼á€„á€¹á€·á€œá€­á€¯á‚”á€™á€›á€˜á€¯á€¸,1,24-08-2023 9:02
Google Play,Wow nice feature â£ï¸ğŸ˜ŠğŸ˜™,5,24-08-2023 8:57
Google Play,Its OK not great yet but could be easily,3,24-08-2023 8:24
Google Play,Un install threads and save ur data ğŸ˜†,1,24-08-2023 8:13
Google Play,Waste,1,24-08-2023 8:08
Google Play,Ø®Ø±Ø±Ø±Ù‡,1,24-08-2023 7:51
Google Play,Knock off version of Twitter,1,24-08-2023 7:48
Google Play,Trash,1,24-08-2023 7:34
Google Play,"I really appreciate apps like this where you don't have to show much in order to share your ideas, views, opinions, etc.",4,24-08-2023 7:28
Google Play,"My posts fail to upload each time I try. Please, kindly look into this and fix Thanks",1,24-08-2023 7:24
Google Play,when it was launched i enjoyed much with people sharing love nd hate etc but now after 2 months it's getting bored and people are leaving this app day by day,3,24-08-2023 6:33
Google Play,Nice,1,24-08-2023 6:32
Google Play,Kijia,5,24-08-2023 6:22
Google Play,Good threads new app,5,24-08-2023 5:37
Google Play,"What happened? I cant login, the comformation code send to my phone number not correct, error and not only for threads also instagram.",3,24-08-2023 5:33
Google Play,Jay hind ğŸ‡³ğŸ‡ª,5,24-08-2023 5:29
Google Play,Op,4,24-08-2023 4:45
Google Play,Excelent,5,24-08-2023 4:13
Google Play,mast,5,24-08-2023 4:07
Google Play,Nise,5,24-08-2023 4:07
Google Play,This app is really good ğŸ‘Œ,5,24-08-2023 3:46
Google Play,same as insta...no innovative...what's new in it...all is about Facebook algorithm...just making a cult of...& locked with Instagram...ho ho..,1,24-08-2023 3:37
Google Play,"No. I don't need to see random people threads on my homepage, I just want to see people I follow, thanks.",1,24-08-2023 3:31
Google Play,Terima Kasih atas bantuan dan pertolongannya ğŸ™,5,24-08-2023 3:23
Google Play,Nice,5,24-08-2023 3:21
Google Play,"Better it has ""sync thing"" in the next update. What are posted on instagram, it automatically sync into thread.",2,24-08-2023 3:19
Google Play,Nice,5,24-08-2023 3:01
Google Play,Tq,5,24-08-2023 2:02
Google Play,Nice aap I'm happy with ğŸ˜Š,4,24-08-2023 1:52
Google Play,As it's not there for PC and no new innovations,1,24-08-2023 1:29
Google Play,Fake Twitter,1,24-08-2023 0:47
Google Play,Please a option of chatting like in instagram but some next level chats and other thing. It would enhance the using of people,3,24-08-2023 0:44
Google Play,Buggy app! i am not able to post anything there,1,24-08-2023 0:40
Google Play,Good,5,24-08-2023 0:40
Google Play,so you can only use this app if you're a Instagram user?,1,24-08-2023 0:38
Google Play,"Just a janky, stale experience",1,23-08-2023 23:51
Google Play,I love this app â¤ï¸ğŸ˜,5,23-08-2023 23:36
Google Play,It just doesn't do enough.,1,23-08-2023 23:32
Google Play,Needs a dark mode,3,23-08-2023 23:02
Google Play,Uploading takes forever!!!!,1,23-08-2023 22:12
Google Play,Please@100+,5,23-08-2023 21:57
Google Play,Ronilocanquenala,5,23-08-2023 21:46
Google Play,Love it everyone should try it,5,23-08-2023 21:24
Google Play,"So bad why Bad, why can't I just watch who I follow, why explore and random?",1,23-08-2023 20:50
Google Play,Bekar app hai time waste,1,23-08-2023 19:18
Google Play,"The most important feature of social networks is that it does not have the ability to put hashtags. There is no possibility of correct arrangement of words and sentences in Persian writing, and words, sentences and symbols are inserted in different places. There is no way to know which followers are following us unless we check manually. It does not have the ability to tell a story. Direct message is not possible. Many settings are related to Instagram settings, which causes problems for this us",1,23-08-2023 19:09
Google Play,It's tied to Instagram... Uninstalled. I was hesitant anyway because of Meta. Lots of false positive AI generated reviews. Note: Im not a fan of Twitter.,1,23-08-2023 19:07
Google Play,"Hi This app is good app . Me not talk not good This is good App but more updates. New Update point ( video upload apsan, video create,and more . Thank you",3,23-08-2023 18:41
Google Play,"I love threads. Even though people say it's a Twitter copy, it's a great app. It just dropped, but it's amazing. Imagine after some improvements, I believe it'll definitely beat Twitter or X.",5,23-08-2023 18:18
Google Play,Not Bad at all Helps with my Music posts sometimes,4,23-08-2023 18:10
Google Play,Not interested nothing is special this appğŸ˜’,1,23-08-2023 18:02
Google Play,CÃ³pia nÃ£o comÃ©dia,1,23-08-2023 18:00
Google Play,What a joke of an app. It's just a tunnel of lies and politics. It's nasty! X is way better!,1,23-08-2023 17:55
Google Play,my love free ğŸ†“. cutie ğŸ¥°,1,23-08-2023 17:35
Google Play,ğŸ—‘ï¸ğŸš®,1,23-08-2023 17:26
Google Play,Mark is a genius his projects are highly reviewed before going live. I enjoy using his works Thread is such an amazing app,4,23-08-2023 17:04
Google Play,Has to go Desktop before I will use it.,1,23-08-2023 17:00
Google Play,The overall experience of the app is good but the thing is I cannot change my bio since the very launch of this app. I have reported this bug 3 times through app but still nothing has been done so far. I hope developers will resolve this asap.,2,23-08-2023 16:26
Google Play,Very bad,3,23-08-2023 16:24
Google Play,Sandeep Paliwal,5,23-08-2023 16:23
Google Play,this is very bad at all interested in buying this for you,1,23-08-2023 16:19
Google Play,This app suck and is a poor attempt a Twitter now known as X clone that is nothing like X at all,1,23-08-2023 16:08
Google Play,ajib app hai Twitter ka soutela bhai hai ye app,1,23-08-2023 15:58
Google Play,Nice try,5,23-08-2023 15:56
Google Play,More Features Expected,2,23-08-2023 15:51
Google Play,"Was working great at first but suddenly decided that there was activity on an unknown device and has blocked access. It was only being used on one device. Tried uninstalling, power cycle, reinstall but no luck there. It is now uninstalled and will stay that way until there is a desktop version to try.",1,23-08-2023 15:30
Google Play,What's the point of this app exactly? Trying to make a new Twitter? Why not just integrate it to the already existing insta app?,1,23-08-2023 15:07
Google Play,"I really don't see the point in this app. Also, I really don't like how you can't delete your Threads account without deleting your Instagram.. edit: Can't get rid of the threads button. It's so dumb. I don't use it.",1,23-08-2023 14:58
Google Play,Bakwass,1,23-08-2023 14:48
Google Play,ğŸ¤¡Nice move Zuckerberg,1,23-08-2023 14:42
Google Play,Good,5,23-08-2023 14:22
Google Play,Very good!! Better than xğŸ¤®â£ï¸,5,23-08-2023 14:20
Google Play,You can't do anything here,1,23-08-2023 13:58
Google Play,Please add this feature to readd the threads id to Instagram bio...,5,23-08-2023 13:50
Google Play,Images/videos are not maxed out edge to edge like in Instagram. I don't want to open the media to look at it.,1,23-08-2023 13:48
Google Play,It drags to much needs to be fixed.,1,23-08-2023 13:48
Google Play,It's so better than the twitter oo! Im sory the X ğŸ˜’ğŸ˜’ğŸ˜’ğŸ˜‘ğŸ˜‘ğŸ˜‘,5,23-08-2023 13:28
Google Play,Just get the web version to start asap,5,23-08-2023 13:26
Google Play,Pathetic act by Zuck ğŸ˜¤,1,23-08-2023 13:10
Google Play,"""Not available in your area"" THEN DON'T GIVE ME THE OPTION TO INSTALL IT",1,23-08-2023 13:05
Google Play,Want some more features,1,23-08-2023 12:41
Google Play,Zuckerberg sucks,1,23-08-2023 12:39
Google Play,Not as aspected,1,23-08-2023 12:37
Google Play,"It's just a copy of X, not much to do on it and don't see the point of copying X without adding any value.",1,23-08-2023 12:26
Google Play,"Requires and Instagram account, but you can't sign up, you need to also install Instagram.. not sure this is anymore than the Instagram app with slight rebranding. What the Zuck man? Where the Zuck is the fediverse?",1,23-08-2023 12:20
Google Play,Never experienced such a nice social media app. Hope it stays nice!,5,23-08-2023 11:53
Google Play,3rd class app is this,1,23-08-2023 11:49
Google Play,It's just not good enough,1,23-08-2023 11:41
Google Play,It works for me used daily!,5,23-08-2023 11:35
Google Play,"At first it was great. But then I started running into a lot of problems on this app. And I don't get why I have to have Instagram, ( I'm a 55 year old man who really doesn't care about Instagram why is it necessary for me to have it to get threads.ğŸ¤¬) robert 7909johnson soon-to-be leaving threads good luck everyone. 8/23/23.update still having problems ğŸ¤¬",1,23-08-2023 11:23
Google Play,Waste app. Uninstalled it as it sucks.,1,23-08-2023 11:17
Google Play,okay ğŸ‘,5,23-08-2023 11:03
Google Play,Good ğŸ‘,5,23-08-2023 10:58
Google Play,Not interesting for use ğŸ˜•,1,23-08-2023 10:24
Google Play,Kkok,5,23-08-2023 9:08
Google Play,"Basically a news app, especially when people of your interests use Instagram and not threads. Just use Twitter instead!!!",1,23-08-2023 8:51
Google Play,That's absolutely amazing ğŸ¤©,5,23-08-2023 8:49
Google Play,Very nice,3,23-08-2023 8:27
Google Play,Find ways to delete thread profile without having to deleting instagram account asap! worst app ever,1,23-08-2023 7:59
Google Play,"""Excited to join Threads! Ready to connect, share, and inspire with amazing individuals. Let's weave our stories together, creating a tapestry of growth and positivity. Here's to new beginnings! ğŸ§µâœ¨ #ThreadsApp",4,23-08-2023 7:44
Google Play,I updated my app and since I have been unable to use it. It keeps crashing and closing.,2,23-08-2023 7:43
Google Play,Bahot achha aap he,5,23-08-2023 7:43
Google Play,Well am new here but the time will show soon mean everything will soon Clear to me,5,23-08-2023 7:19
Google Play,"HOLY INGOD! HOLYTHREADSINGOD! HOLYThreadsINGOD! HOLYThreadINGOD! HOLYCONNECTIONINGOD! HOLInstagramINGOD! HOLYThreads, an Instagram appINGOD!",5,23-08-2023 6:21
Google Play,ğŸ˜”ğŸ˜”ğŸ˜¡ğŸ˜¡,1,23-08-2023 6:13
Google Play,Installing this app isn't a good idea if you concern about privacy âš ï¸,1,23-08-2023 5:40
Google Play,Supper,5,23-08-2023 5:19
Google Play,Excellent,5,23-08-2023 5:14
Google Play,1 star for the love of Elon Musk,1,23-08-2023 5:13
Google Play,Twitter,1,23-08-2023 5:07
Google Play,"Guys, can't upload my threads today, any of them.... This is absolutely unacceptable!",4,23-08-2023 5:04
Google Play,So nice app,5,23-08-2023 4:39
Google Play,PRAJAPATI OM PRAKASH 2023 ğŸš«ğŸ˜­ OM PRAKASH 500,1,23-08-2023 4:23
Google Play,"Yo, why profile being public can't be switched back to private?? Everytime i am trying to do so it is saying sorry we have encountered some problem..? Have been trying since 2 days.. and now if I am trying to delete my threads, it is saying to delete my instagram as well.. will you fix it or what? Will u do something or not?? I am writing for the second time reiterating the same. Now it is becoming irritating that I can't change my profile to private.. it is seriously threat to privacy.",2,23-08-2023 3:57
Google Play,Good app,5,23-08-2023 3:54
Google Play,Please follow me,1,23-08-2023 3:40
Google Play,Not,1,23-08-2023 3:35
Google Play,This app is amazing,5,23-08-2023 3:32
Google Play,Bad experience ğŸ˜¢,1,23-08-2023 3:15
Google Play,Best raha,5,23-08-2023 3:00
Google Play,very sad,1,23-08-2023 2:59
Google Play,Boring,1,23-08-2023 2:50
Google Play,Nobody using this app :) Junk..,1,23-08-2023 2:08
Google Play,Good,5,23-08-2023 2:03
Google Play,Good,5,23-08-2023 1:41
Google Play,Time wasting,2,23-08-2023 1:36
Google Play,The point of using this over IG is far from obvious.,2,23-08-2023 0:48
Google Play,Very nice application,5,23-08-2023 0:34
Google Play,Won't display any content! Am a US user but had the misfortune of opening the app while traveling in Europe.,1,23-08-2023 0:27
Google Play,Better off buying a car and running yourself over,1,23-08-2023 0:14
Google Play,Hindi me bhi koy likh Liya Karo yaar khuch bi Samaj Nahi aah raha.,3,22-08-2023 23:44
Google Play,Moml awy,1,22-08-2023 23:38
Google Play,Gd,5,22-08-2023 23:04
Google Play,Threatening description about winning ğŸ¥‡,1,22-08-2023 23:03
Google Play,Copy of Twitter,1,22-08-2023 21:47
Google Play,"What was meant to be Meta's version of Twitter, seriously seriously lacks. Seeing threads from people you don't follow? Seeing threads posted days ago as if they're new? That's what Instagram is, why use the time and money for something not really new or far relevant to its main competitor which is Twitter (X)",1,22-08-2023 21:29
Google Play,Threads is so Cool ğŸ˜ but I wish it had a dark mode,5,22-08-2023 21:29
Google Play,A bad copy of Twitter or X that's a bad copy of itself,1,22-08-2023 21:28
Google Play,Good,5,22-08-2023 21:15
Google Play,Ok,1,22-08-2023 20:45
Google Play,"Has potential, very bare bones. I hope this doesn't get fully abandoned and they actually keep working on and building it up. I hate Twitter or X whatever tf and threads is so close to being the best next best thing to itm Zucchini pls work that lizard magic.",2,22-08-2023 20:32
Google Play,The Best,5,22-08-2023 20:28
Google Play,Still better than your X.,5,22-08-2023 20:27
Google Play,Tweeter Copy Paste!,2,22-08-2023 20:01
Google Play,"I really want the CEO of meta to kindly separate threads from Instagram because threads is really not good,such a slow type app nothing much to explore and I can't even delete it because my Instagram account is connected to it. Meta please help",1,22-08-2023 20:01
Google Play,This app stole rights from the Twitter app,1,22-08-2023 19:55
Google Play,ğŸ˜µâ€ğŸ’« West,1,22-08-2023 19:50
Google Play,Did we even need another messaging app?Facelook insta twatter twuth and now THREADS? FMeBackwards howmany platforms do we need to tell someone else something! THREADS sounds like it's a haberdashery. What a ğŸ”” end you are Zuckertwerb!,1,22-08-2023 19:49
Google Play,Typically the copy of X,1,22-08-2023 19:32
Google Play,Threads is follo,5,22-08-2023 19:28
Google Play,Boring,1,22-08-2023 19:14
Google Play,Unable to post anything,1,22-08-2023 18:45
Google Play,Not massage obson in this app,1,22-08-2023 18:38
Google Play,Cool start but really needs the ability to create lists.,4,22-08-2023 18:37
Google Play,Very nice thank you so much,5,22-08-2023 18:30
Google Play,â™¥ï¸,5,22-08-2023 18:25
Google Play,I do not want Instagram,1,22-08-2023 18:12
Google Play,Good,5,22-08-2023 17:45
Google Play,I really like this app and i dont know why,5,22-08-2023 17:38
Google Play,Not bad!!!!!,5,22-08-2023 17:27
Google Play,Very nice ğŸ‘ğŸ‘,5,22-08-2023 17:25
Google Play,Keeps freezing,1,22-08-2023 17:02
Google Play,"It so annoying, it will go at first thread again if we click at the previous thread/pictures (on user profile)",2,22-08-2023 17:00
Google Play,Very unprofessional,1,22-08-2023 16:49
Google Play,â¤,4,22-08-2023 16:46
Google Play,Very good normalization,5,22-08-2023 16:28
Google Play,Great app!ğŸ˜,4,22-08-2023 16:26
Google Play,Bakar aap ğŸ¤¢,1,22-08-2023 16:04
Google Play,What a terrible app!,1,22-08-2023 16:03
Google Play,The scrolling is not smooth. Work on it pls.,2,22-08-2023 15:50
Google Play,Ok,5,22-08-2023 15:47
Google Play,Useless couldn't even login,1,22-08-2023 15:45
Google Play,Twitter is better,1,22-08-2023 15:27
Google Play,Just please put a language translation..,4,22-08-2023 15:16
Google Play,I liked,5,22-08-2023 15:08
Google Play,potti pilla,3,22-08-2023 15:04
Google Play,Boring app,1,22-08-2023 14:50
Google Play,Mia khalifa,5,22-08-2023 14:26
Google Play,Good app,5,22-08-2023 14:26
Google Play,"Hello, I can't do anything on it and it keeps saying sorry something went wrong. Try again. For weeks now. I have logged out and in, uninstalled and reinstalled. Still isn't working.",1,22-08-2023 14:18
Google Play,Fine,5,22-08-2023 13:58
Google Play,Not better than Twitter,1,22-08-2023 13:40
Google Play,ğŸ˜«ğŸ˜©,1,22-08-2023 13:34
Google Play,"Pretty good alternative to x, not all the way there yet but seems to be on the right track.",5,22-08-2023 13:15
Google Play,ğŸ–¤,5,22-08-2023 12:57
Google Play,Literally the worst. Thinking that Zuckerberg could be fresh and innovative to counter Twitter/X was a pipeline dream. Not worth the time or effort for the crashing and data it steals.,1,22-08-2023 12:49
Google Play,Nice UI but feels like I'm using a different algorithm everyday,4,22-08-2023 12:30
Google Play,It seems like another Instagram. There us no option to delete the threads profile.,2,22-08-2023 12:25
Google Play,Best,4,22-08-2023 12:16
Google Play,BANGSATT BALIKIN AKUN GUEEE ğŸ˜­ğŸ˜­ğŸ˜­ğŸ˜­,1,22-08-2023 12:01
Google Play,Nice,5,22-08-2023 11:57
Google Play,Please updates,1,22-08-2023 10:56
Google Play,Not good app don't download it,1,22-08-2023 10:53
Google Play,It is a good app,5,22-08-2023 10:24
Google Play,Bad,1,22-08-2023 10:03
Google Play,Ashiq babu 86,1,22-08-2023 10:01
Google Play,An incomplete platform.,1,22-08-2023 10:01
Google Play,Okk,5,22-08-2023 9:53
Google Play,à¦¡à¦¾à¦°à§à¦• à¦®à§à¦¡ à¦¨à¦¾à¦‡ğŸ˜’ à¦¥à§à¦°à§‡à¦¡ à¦‡à¦¡à¦¿à¦Ÿ à¦“ à¦•à¦°à§‹à¦¨ à¦¯à¦¾à¦¯à¦¼ à¦¨à¦¾à¥¤ğŸ˜  à¦ªà¦¿à¦¨ à¦…à¦ªà¦¶à¦¨ à¦•à¦‡à¦°à§‡ğŸ˜’,1,22-08-2023 9:44
Google Play,Pop,5,22-08-2023 9:26
Google Play,"uninstalling until someone tells me there's an option to split newsfeed between people i follow and complete randos. tired of my feed being nothing but random celebs and checkmarks no matter how many of them i block or hide. i just want to see the people i follow. dropped a ball opening with that, bad first impression, this could have been something great (and it still could be, just give me the choice to remove the randoms from my feed gd)",1,22-08-2023 9:16
Google Play,very bad,1,22-08-2023 9:12
Google Play,I hait threads I love twitter,1,22-08-2023 9:01
Google Play,Good,5,22-08-2023 8:56
Google Play,Useless app,1,22-08-2023 8:54
Google Play,"I like threads, an Instagram",5,22-08-2023 8:53
Google Play,It gets boring at a point,2,22-08-2023 8:15
Google Play,Faisalsaifi,5,22-08-2023 7:59
Google Play,Copycat,1,22-08-2023 7:50
Google Play,galing one week lang sumikat hahaha dejk ganda po,3,22-08-2023 7:49
Google Play,Atak,5,22-08-2023 7:26
Google Play,God app Hikghuh,5,22-08-2023 7:23
Google Play,Good ğŸ˜ŠğŸ˜Š,5,22-08-2023 7:14
Google Play,Lot's of missing features. Not sure if Meta is serious about this app. It is a million miles away from Twitter.,1,22-08-2023 6:36
Google Play,good apps,1,22-08-2023 6:18
Google Play,Great app.,5,22-08-2023 6:13
Google Play,App worthy but no freedom of speech,1,22-08-2023 6:08
Google Play,Ca mo,5,22-08-2023 6:01
Google Play,Nice,5,22-08-2023 5:10
Google Play,Super,4,22-08-2023 5:02
Google Play,My idi instagram @rom_iyo735529 ğŸ‘ˆ followers lik or 1k plz sar ğŸ™ğŸ™,5,22-08-2023 5:00
Google Play,No Translation button...,1,22-08-2023 4:30
Google Play,Does anyone actually use this?,1,22-08-2023 4:29
Google Play,I dont have Instagram acc. I cant use this app. I thought it will be same as twitter,1,22-08-2023 4:21
Google Play,çƒ‚ç³»ç»Ÿå†™åŠ¨æ€ä¸€ç›´è·³å‡ºæ¥,1,22-08-2023 3:58
Google Play,Very basic,2,22-08-2023 3:48
Google Play,"Good so far, but if Meta is going to own the 3 major social media, can we have one with NSFW content being allowed?",4,22-08-2023 3:34
Google Play,I can't use it. It simply doesn't work. I doesn't matter how many times I install and uninstall the app. It just won't let me do anything but see the main feed. The rest is all a huge glitch! ğŸ˜…,1,22-08-2023 2:43
Google Play,A lifeless and featureless x (former twitter),1,22-08-2023 2:10
Google Play,Ú©ÛŒØ§ Ø¨Ú©ÙˆØ§Ø³ Ø§ÛŒÙ¾ ÛÛ’ØŒ ÛŒÙˆØ²Ø±Ø³ ÛÛŒ Ø´Ø§Ù¹ ÛÛŒÚºÛ”,1,22-08-2023 2:06
Google Play,Very bad,1,22-08-2023 1:59
Google Play,Hhdi,5,22-08-2023 1:53
Google Play,good,1,22-08-2023 1:35
Google Play,not good,1,22-08-2023 0:57
Google Play,Tweeter Zuckerberg Version ğŸ‘,1,22-08-2023 0:55
Google Play,how can I remove the bage number of my insta account???!!!!!,1,22-08-2023 0:37
Google Play,ğŸ˜,5,22-08-2023 0:32
Google Play,This app is great for a start but what could be better is having hashtags available and when posting photos that are already on Instagram some photos already posted on Instagram is not available to be posted and won't say why this app is otherwise great but if it won't let you post everything that is available on Instagram that could make it better also having hashtags available,1,22-08-2023 0:21
Google Play,Terrible app. Twitter is superior. Anything created or owned by cuckerberg should not be used.,1,22-08-2023 0:16
Google Play,I like it ğŸ˜Š,5,21-08-2023 23:44
Google Play,"Great app At first glance tons of room for improvement such as an edit thread button, also spaces and dms. The look is more like ig not Twitter like. Verification is needed for anyone who chooses to be . That could be a paid service . Keep the disinformation at a minimum . And #hashtags",4,21-08-2023 23:01
Google Play,I like,5,21-08-2023 22:01
Google Play,so bad,1,21-08-2023 21:46
Google Play,Ok,5,21-08-2023 21:25
Google Play,One word... Retarded,1,21-08-2023 21:22
Google Play,"It's not a great app. Thinking that this platform is or would be a direct competence with X, it will indeed defraud yourself. It doesn't have any Trends nor Hashtags, and the platform itself feels empty. I wouldn't recommend it to have debates nor get informed about News. There are better apps beyond X.",2,21-08-2023 21:16
Google Play,@Jabri_302_bolta,5,21-08-2023 21:10
Google Play,A COPY USELESS COPY,1,21-08-2023 20:31
Google Play,"Lot of errors like: can't cut selected text. Can't post more then 360 letters , please solve these problem increase post text limit and solve copy cut problem.",2,21-08-2023 20:30
Google Play,Not installing threads no delete option and i try deactivate option but Failed to deactivate profile try again,1,21-08-2023 19:18
Google Play,"It's really good, but Please add translator. Many thanks",5,21-08-2023 19:14
Google Play,Boring App They're just push a blue thick account give 1 star for X Copycat,1,21-08-2023 18:31
Google Play,WorstğŸ‘ğŸ‘ğŸ‘ğŸ‘ğŸ‘ğŸ‘ğŸ‘ğŸ‘ app don't install,1,21-08-2023 17:36
Google Play,IT'S GREAT ğŸ‘,5,21-08-2023 17:28
Google Play,Next level 21/8/2023,5,21-08-2023 17:17
Google Play,Good ğŸ‘ğŸ‘,5,21-08-2023 17:09
Google Play,Nothing is new same as a instagram ğŸ˜‘ Different features should be given from Twitter,1,21-08-2023 16:36
Google Play,Vishnutej,5,21-08-2023 16:26
Google Play,Naharsingh saini,5,21-08-2023 16:19
Google Play,Very bad ğŸ˜,5,21-08-2023 16:12
Google Play,Nice,5,21-08-2023 16:01
Google Play,Gulzarhussan,1,21-08-2023 15:52
Google Play,Tank you,5,21-08-2023 15:44
Google Play,"It's fast, usable and there's great content. And unlike Twitter/X it doesn't arbitrarily slow down links to things the owner doesn't like.",5,21-08-2023 15:42
Google Play,Soo badğŸ‘ğŸ‘,1,21-08-2023 15:05
Google Play,Nice,5,21-08-2023 14:59
Google Play,Chat option nehi he,5,21-08-2023 14:56
Google Play,"I want to deactivate profile and it just says ""failed to deactivate profile""",1,21-08-2023 14:54
Google Play,Reels in threads,5,21-08-2023 13:38
Google Play,why does it need calendar permission,1,21-08-2023 13:21
Google Play,Good,5,21-08-2023 13:16
Google Play,It says if I ever want to delete it I have to delete my Instagram in order to delete threads!. Nah y'all can keep this extra BS....,1,21-08-2023 13:15
Google Play,Ok,1,21-08-2023 12:37
Google Play,Joss app,5,21-08-2023 12:17
Google Play,Nice perform,5,21-08-2023 12:11
Google Play,Too good like twitter,5,21-08-2023 12:04
Google Play,Okay ğŸ‘,3,21-08-2023 11:50
Google Play,"As I am trying to follow new pages, it always showing like we restrict our community and please try again later. Fed up with this app. Please update.",1,21-08-2023 11:25
Google Play,Thanks for prompting me from Instagram. You deserve this 1 Star,1,21-08-2023 11:11
Google Play,Posting videos does not go through sometimes it's very irritating,3,21-08-2023 11:03
Google Play,â¤ï¸â¤ï¸â¤ï¸,5,21-08-2023 10:49
Google Play,Besto,5,21-08-2023 10:30
Google Play,"I like the design,UI of this app",5,21-08-2023 9:59
Google Play,good,5,21-08-2023 9:53
Google Play,Nice But not followers comingğŸ˜‚,5,21-08-2023 9:49
Google Play,goofy ahh twitter ripoff,1,21-08-2023 9:43
Google Play,Very good,3,21-08-2023 9:33
Google Play,â¤ï¸â¤ï¸â¤ï¸â¤ï¸â¤ï¸,5,21-08-2023 9:22
Google Play,nice,5,21-08-2023 8:08
Google Play,"The app is a safe space for me to post and the reply and community is mostly friendly and not so toxic, I hope they will improve this app, as this is having more potential. I've been mostly use this for news and nice posts so it's okay.",4,21-08-2023 7:22
Google Play,Dead app,1,21-08-2023 7:12
Google Play,Copymark,1,21-08-2023 6:16
Google Play,Trust full,5,21-08-2023 5:32
Google Play,"One of the worst app in world. They tried to copy twitter, but were humiliated badly.",1,21-08-2023 5:30
Google Play,It would be 5 stars but I'm currently having an issue posting with photos.,1,21-08-2023 5:24
Google Play,Decor home Kuwait,5,21-08-2023 5:23
Google Play,Twitter fake,1,21-08-2023 5:16
Google Play,Just join a real federated instance not this half baked attempt by one of the worst companies in tech. Mastodon isn't hard to figure out at all. I gave it one star back bc the refresh animation is cool,2,21-08-2023 5:13
Google Play,"Tiene todo lo malo de Twitter y lo bueno lo censura, zzz",1,21-08-2023 5:06
Google Play,Threads is bestğŸ‘ŒğŸ‘Œ,4,21-08-2023 5:00
Google Play,Zucked,5,21-08-2023 4:46
Google Play,Lame,1,21-08-2023 4:06
Google Play,Good for public,4,21-08-2023 3:58
Google Play,Better than twitter,5,21-08-2023 2:23
Google Play,I want you to verified my account,5,21-08-2023 2:02
Google Play,It's bad,1,21-08-2023 1:45
Google Play,Best app,5,21-08-2023 1:11
Google Play,It okay,3,20-08-2023 23:57
Google Play,"Worst App ever, need alots of changes, it seems like a 3rd class copy.",1,20-08-2023 23:46
Google Play,Edit: I can save images! 5 stars! i can't save images. So why would even want to use this compared to Twitter,5,20-08-2023 23:32
Google Play,nothing interesting,1,20-08-2023 23:25
Google Play,"Boring. They obviously had to release this after what Elon did to twitter, but it's just more of the same junk.",1,20-08-2023 23:13
Google Play,This is amazing ğŸ‘ğŸ‘,5,20-08-2023 23:10
Google Play,I like â¤ï¸,5,20-08-2023 22:02
Google Play,"It needs more features and it does have the potential to be a Twitter killer, but it's too bland at the moment. I hope they make more updates in the near future so they can attract more people from the dead blue bird.",3,20-08-2023 21:37
Google Play,Beautiful,5,20-08-2023 21:08
Google Play,Garbage ğŸ—‘ app,1,20-08-2023 20:53
Google Play,I love it,3,20-08-2023 20:38
Google Play,Average app,2,20-08-2023 20:28
Google Play,Bad experience,1,20-08-2023 20:09
Google Play,Not impressed ğŸ˜,1,20-08-2023 20:02
Google Play,Shows too many posts that I don't follow,3,20-08-2023 19:34
Google Play,"You have to have an Instagram account,if not don't waist your time downloading it.",3,20-08-2023 19:23
Google Play,Mostly used for apple and could not find my account when I tried to log in,1,20-08-2023 19:15
Google Play,"Wow, This app is sorta a rip off of Instagram, But kinda good!",5,20-08-2023 19:10
Google Play,Akash Akash,5,20-08-2023 19:07
Google Play,Good app,5,20-08-2023 18:58
Google Play,I just edit my feedback so it's mean my date is changed but I tell you you one thing I think I am the first user of this application but I not sure but I am may be â¤ï¸,5,20-08-2023 18:42
Google Play,Very nice for advertising,5,20-08-2023 18:32
Google Play,Hi Bro I am not,5,20-08-2023 18:05
Google Play,Nice ğŸ‘ğŸ‘,5,20-08-2023 18:03
Google Play,u can update more opshion specaily unhinde threads,1,20-08-2023 17:59
Google Play,twetar father threads ğŸ˜ˆ,5,20-08-2023 17:43
Google Play,Awesome ğŸ‘ğŸ˜ğŸ‘,5,20-08-2023 17:41
Google Play,Its good âœŒğŸ»,5,20-08-2023 17:41
Google Play,Ø¨Ø±Ù†Ø§Ù…Ù‡ Ø®ÛŒÙ„ÛŒ Ø®ÙˆØ¨ÛŒ Ù‡Ø³Øª Ù¾ÛŒØ´Ù†Ù‡Ø§Ø¯ Ù…ÛŒÚ©Ù†Ù… Ù†ØµØ¨ Ú©Ù†ÛŒØ¯ ğŸ˜€ğŸ˜€ğŸ˜€,5,20-08-2023 17:07
Google Play,I uninstall my appğŸ¤·ğŸ¼,1,20-08-2023 17:01
Google Play,We should be able to delete our Threads account separately from our Instagram account!,1,20-08-2023 16:55
Google Play,"Patefe melhor que o Instagram, mas ainda ocupa muito espaÃ§o",3,20-08-2023 16:34
Google Play,The best,5,20-08-2023 16:20
Google Play,Nice app â˜ºï¸,5,20-08-2023 16:15
Google Play,Copy unable to paste.,1,20-08-2023 16:15
Google Play,What is this,1,20-08-2023 15:57
Google Play,Good ğŸ‘ŒğŸ‘ŒğŸ‘ŒğŸ‘ŒğŸ‘Œ,5,20-08-2023 15:46
Google Play,"Good, excellent",5,20-08-2023 15:12
Google Play,Copy of Twitter ğŸ˜‚,1,20-08-2023 15:01
Google Play,Poor algorithm,1,20-08-2023 13:44
Google Play,Useless....better an ineffective copy of Twitter,1,20-08-2023 13:41
Google Play,Threads,5,20-08-2023 13:17
Google Play,Useless app,1,20-08-2023 12:07
Google Play,Op,5,20-08-2023 10:58
Google Play,Pointless,1,20-08-2023 10:51
Google Play,ğŸ‘ŒğŸ‘ŒğŸ‘ŒğŸ‘Œ,5,20-08-2023 10:45
Google Play,Why insta deleted with this app,1,20-08-2023 10:40
Google Play,RIP,1,20-08-2023 10:29
Google Play,"I do like it, but not better then Instagram",4,20-08-2023 10:17
Google Play,I removed my badge number on my IG profile and I can't figure out how to put it back,3,20-08-2023 9:50
Google Play,Nice,3,20-08-2023 9:17
Google Play,Next Twitter.,5,20-08-2023 8:40
Google Play,ğŸ‡®ğŸ‡³ğŸ‡®ğŸ‡³ğŸ‡®ğŸ‡³,5,20-08-2023 8:37
Google Play,Bakwash,1,20-08-2023 8:35
Google Play,Very very good ğŸ‘ğŸ˜Š,5,20-08-2023 7:47
Google Play,"I literally can't do anything on the app other than like other people's threads. As for adding my own, search or my activity I can't see or do anything - it keeps saying ""Sorry something went wrong. Try again"" and it's been that way for over a month now.",1,20-08-2023 7:42
Google Play,"While I do think the app has some potential, there are several problems. Some of them include the lack of photo filters when you upload photos, the inability to delete your Threads account without your Instagram account, the inability to use more than one account, and the app crashing several times when I log out, leading myself to delete data and cache rather frequently. I wish this app wasn't released prematurely and that Instagram gives more time to develop Threads as a more stable app.",2,20-08-2023 7:25
Google Play,"Don't use this app, you can not delete your account, once you create.",1,20-08-2023 7:07
Google Play,Good,5,20-08-2023 6:59
Google Play,Add photo save option,5,20-08-2023 6:58
Google Play,Found that Iam unable to delete threads account until I delete my insta account,1,20-08-2023 6:58
Google Play,Donkey doodoo,1,20-08-2023 6:44
Google Play,Average,4,20-08-2023 6:43
Google Play,I love it,5,20-08-2023 6:28
Google Play,Instagraam support ğŸ™,4,20-08-2023 6:24
Google Play,Please provide you massage chat,5,20-08-2023 6:08
Google Play,Similar Twitter but it's better.,5,20-08-2023 6:01
Google Play,Nice App,5,20-08-2023 5:51
Google Play,Nice App Good Luck App Creators Good Job,5,20-08-2023 5:35
Google Play,The home feed is full of brands trying to be hip and relatable that I don't even follow. This kind of shallowness is unbearable.,2,20-08-2023 5:31
Google Play,Very bad app.. I'm not satisfied to use this..ğŸ˜ then I deleted this thread app my Instagram account is deactivated..ğŸ˜ is a cheating to me.. guy you all use X not this..ğŸ˜,1,20-08-2023 5:25
Google Play,"App is awesome i am in love with it, But, Users post something by expressing anything in words, And as a human there will be some mistakes while writing, So, Thread, Requesting u to provide edit option after posting a post in thread, Which can help thread users to correct their only mistake, A word or a letter, Rather than deleting complete post and rewriting again. Update this in ur platform, As soon as possible, Lots of love to entire thread. And i am waiting for lovely update from threads.",2,20-08-2023 4:57
Google Play,Iju,5,20-08-2023 4:51
Google Play,These app can hack your account my account also hacked.,1,20-08-2023 4:50
Google Play,Very bad Thread application Not working properly app,1,20-08-2023 4:49
Google Play,Really really like Twitter. This is really a bad copy. Not authentic. Not a new idea. Threads is a model of anti free speech twitter.,2,20-08-2023 4:25
Google Play,Pls let us delete threads account without deleting insta account please ğŸ˜©ğŸ¥ºğŸ™,3,20-08-2023 4:25
Google Play,Twitter ke Abba aa gye,5,20-08-2023 4:04
Google Play,Twitter is better than this just a bad copy of Twitter ğŸ¤®ğŸ¤®ğŸ¤®ğŸ¤®,1,20-08-2023 4:01
Google Play,Throw this app to the garbage. It doesn't work,1,20-08-2023 4:01
Google Play,ğŸ’”ğŸ’”,5,20-08-2023 3:52
Google Play,why isn't this app available in landscape mode for tablets?,3,20-08-2023 3:01
Google Play,Pls let me in to threads and instagram I was just joking about my age I will never disobey your terms and policy let me back to my old account,5,20-08-2023 2:58
Google Play,Basically ripped off tumblr ğŸ˜‚ğŸ˜‚ğŸ˜‚,1,20-08-2023 2:45
Google Play,Its very amazing performance ğŸ’¯ğŸ’¯â¤ï¸â¤ï¸,5,20-08-2023 2:33
Google Play,"This app really need to work with hashtag audience, i need specific followers",2,20-08-2023 2:32
Google Play,69 MB,5,20-08-2023 2:09
Google Play,La aplicaciÃ³n nunca me abriÃ³ ğŸ˜¹ğŸ˜¹ğŸ˜¹,1,20-08-2023 1:53
Google Play,Khul bhari app,5,20-08-2023 1:50
Google Play,Yeah good.,3,20-08-2023 1:41
Google Play,Is there any purpose with this app besides being like Twitter?,2,20-08-2023 1:29
Google Play,Good,2,20-08-2023 1:22
Google Play,"I like the threads, easy, fun but needs more participation",5,20-08-2023 0:14
Google Play,Really fail,1,19-08-2023 23:41
Google Play,REAALLLY GRRRREAT,4,19-08-2023 23:21
Google Play,"Can't even post there. ""your thread failed to upload"", and that's through all the updates. What's even the point of this mockery of an app",1,19-08-2023 22:10
Google Play,Mmm.,1,19-08-2023 22:02
Google Play,Super sir app,5,19-08-2023 22:00
Google Play,"Can't see the replies, doesn't load old threads",1,19-08-2023 21:57
Google Play,Another scam to collect Data. The only one did a good job is the ui designer.,1,19-08-2023 21:56
Google Play,"Just more Garbage that doesn't work, how many years has Facebook been screwed up and never fixed right.",1,19-08-2023 21:54
Google Play,Very fantastic,5,19-08-2023 21:27
Google Play,Lekin Instagram ki followers low ho rahi hai,1,19-08-2023 21:02
Google Play,It's literally Twitter but a bit better,3,19-08-2023 20:38
Google Play,This is just cheap version of Twitter,1,19-08-2023 20:37
Google Play,TWITTER ğŸ¦ğŸ¦ğŸ¦ğŸ¦ğŸ¦ğŸ¦,1,19-08-2023 20:28
Google Play,Peaceful place to share your views,5,19-08-2023 20:28
Google Play,Wow dis app verry nice ğŸ‘,5,19-08-2023 20:22
Google Play,Wooo,5,19-08-2023 18:59
Google Play,"Great platform! But it lacks some features like hashtags, trending, homefeed customisation, etc. I would like to request Meta to consider these and update the application. Thanks.",4,19-08-2023 18:55
Google Play,super ğŸ‘,3,19-08-2023 18:42
Google Play,ğŸ‘,5,19-08-2023 18:30
Google Play,good ğŸ‘ğŸ˜Š,5,19-08-2023 18:09
Google Play,Change threads logo please..... Stay in black & white color for logo but make different logo for threads..............,4,19-08-2023 17:35
Google Play,Dumb,1,19-08-2023 17:30
Google Play,It's basically dead and my main page is full of stupid meme accounts and celebrities I don't care about,2,19-08-2023 17:21
Google Play,Wannabe twitter ğŸ¤£,2,19-08-2023 17:16
Google Play,Good,2,19-08-2023 16:58
Google Play,Weste if time,1,19-08-2023 16:52
Google Play,LOVER BOY NISAR KHAN KHANU KASIM,5,19-08-2023 16:51
Google Play,Super,5,19-08-2023 16:37
Google Play,It's amazingğŸ˜ğŸ‘,5,19-08-2023 16:33
Google Play,Super,5,19-08-2023 16:29
Google Play,"It's okay right now. The app needs some basic features. There is no algorithm for me to reach anyone. No communities to find. I think those two are very important. Being able to reach and find various communities that you take part in. Yeah, you can pull followers from instagram, but that's not completely efficient. They MIGHT be active.",3,19-08-2023 16:25
Google Play,Please support brother,5,19-08-2023 16:24
Google Play,"I am giving only one star because there is no separate tab For the threads of people whom i follow, All threads like old, new are all in same tab. Those p people i don't follow but their threads are on my timeline, totally rubbish",1,19-08-2023 16:24
Google Play,gg,2,19-08-2023 16:13
Google Play,Sahi hai,4,19-08-2023 16:12
Google Play,Nice,5,19-08-2023 16:09
Google Play,It is launched in fight with X (Twitter),1,19-08-2023 16:07
Google Play,Nice app ğŸ‘,5,19-08-2023 15:54
Google Play,ğŸ’™,5,19-08-2023 15:34
Google Play,"Now, instagram have released Threads, this was decided a long ago, because we can't post like this on instagram, so they decided to build this app after a long time that after it they will get attention ğŸ˜€",5,19-08-2023 15:18
Google Play,"Always hangs , couldn't use it ,worst ..",1,19-08-2023 14:49
Google Play,Good ğŸ‘,5,19-08-2023 14:45
Google Play,twitter walmart edition,1,19-08-2023 14:31
Google Play,Dude wanna be Twitter so bad ğŸ¤£,3,19-08-2023 14:19
Google Play,Very very Bad I think that this app is just consuming space in Playstore's storage Trust me why do you have to have multiple apps that does the same thing. Trust me guys just don't increase its Downloads Count!!,1,19-08-2023 14:11
Google Play,Useless wall of non-relevant posts from unknown accounts.,1,19-08-2023 14:00
Google Play,Gandh jese app hain,1,19-08-2023 13:41
Google Play,Very nice man,5,19-08-2023 13:40
Google Play,A bad app,1,19-08-2023 13:35
Google Play,"I already installed the app after its launch, but a few days ago, it said something went wrong when I tried to post. Please fix this ASAP so I can use my Threads account again.",2,19-08-2023 13:34
Google Play,wellcome to @threads//2023//Nice=APP,5,19-08-2023 13:30
Google Play,ğŸ¤—ğŸ¤—ğŸ¤—ğŸ¤—ğŸ‡®ğŸ‡³ğŸ‡®ğŸ‡³ğŸ‡®ğŸ‡³ğŸ¤—ğŸ¤—ğŸ¤—ğŸ¤—ğŸ‡®ğŸ‡³ğŸ‡®ğŸ‡³ğŸ‡®ğŸ‡³â¤ï¸â¤ï¸ğŸ¤—ğŸ¤—ğŸ‡®ğŸ‡³ğŸ¤—ğŸ¤—ğŸ‡®ğŸ‡³ğŸ¤—ğŸ¤—ğŸ’ğŸ’ğŸ’ğŸ¤—ğŸ¤—,5,19-08-2023 13:13
Google Play,Well i can clearly say twitter is better,1,19-08-2023 12:45
Google Play,It's very nice,5,19-08-2023 12:29
Google Play,Bad.,1,19-08-2023 12:06
Google Play,Copy cat zuck,1,19-08-2023 11:27
Google Play,Good,5,19-08-2023 10:46
Google Play,Its good and all the only problem I have ran into is I cant switch profiles easily. I'd have to log out then log into my other acc then do it again.,3,19-08-2023 10:38
Google Play,"N I, X a red raw We,",1,19-08-2023 10:05
Google Play,Nice app,4,19-08-2023 9:51
Google Play,"When you try to look through any followed account's profile, the application shows ""Sorry, something went wrong. Try again"". That stinks.",1,19-08-2023 9:47
Google Play,Khc,5,19-08-2023 9:45
Google Play,"Lol fukbuk ğŸ˜‚ğŸ˜‚ğŸ˜‚ chor, x re copy kore lav nai",1,19-08-2023 9:45
Google Play,It could be better. Need to add those who doesn't want instagram!,4,19-08-2023 9:37
Google Play,I have been trying to make changes for you to Make cas,5,19-08-2023 9:26
Google Play,Very bad app,1,19-08-2023 9:26
Google Play,Ghatiya app nothing new,1,19-08-2023 8:39
Google Play,"In the first week of launch, all the old people were talking about how this would ""destroy Twitter/X"" but here we are now, a dead socmed platform. None of my favorite threaders post anymore. It was good while it lasted ig.",3,19-08-2023 8:36
Google Play,the app is great but doesn't work properly,3,19-08-2023 8:30
Google Play,Disappointing,1,19-08-2023 8:28
Google Play,Worst app .... Befaaltu ka app bnaya jisne b banaya ....don't install it ....discard the app,1,19-08-2023 8:26
Google Play,It's awesome ğŸ˜ğŸ¥° I use it everyday,5,19-08-2023 8:17
Google Play,A copy of x,1,19-08-2023 7:59
Google Play,Cool app,5,19-08-2023 7:55
Google Play,Bad,1,19-08-2023 7:26
Google Play,I hate you Instagram ğŸ‘ğŸ‘ğŸ‘ğŸ˜¡ğŸ˜¡ğŸ˜¡,1,19-08-2023 7:13
Google Play,Super,5,19-08-2023 7:12
Google Play,"I am lucky that i didn't download this app and create my account, cause this is no use of my and if i want to delete my thread account than i l have to delete my Instagram too",1,19-08-2023 6:54
Google Play,Most expensive app,5,19-08-2023 6:52
Google Play,à¤­à¥‡à¤¨ à¤•à¥‡ à¤²à¤¨ à¤…à¤šà¥à¤›à¤¾ à¤à¤ª à¤¹à¥€,5,19-08-2023 6:47
Google Play,Bakwaas,1,19-08-2023 6:42
Google Play,Good,5,19-08-2023 6:34
Google Play,Nice app,5,19-08-2023 6:08
Google Play,Sir need follower 20k (aloneking 20k)my user id help kar dijiye koi,5,19-08-2023 6:01
Google Play,Worst social media app,1,19-08-2023 5:49
Google Play,Nc,5,19-08-2023 5:48
Google Play,____King_sk____,5,19-08-2023 5:35
Google Play,Osm,5,19-08-2023 5:16
Google Play,Atul Zdu,5,19-08-2023 5:02
Google Play,ok,1,19-08-2023 4:50
Google Play,Arbaz nem please find followers 100k,1,19-08-2023 4:50
Google Play,ğŸ¤£ğŸ¤£ğŸ¤£ğŸ¤£ğŸ¤£,1,19-08-2023 4:36
Google Play,Not beadğŸ˜ğŸ‘ğŸ»good,3,19-08-2023 4:34
Google Play,"This is amazing, because unique and attractive",5,19-08-2023 4:34
Google Play,Better than,5,19-08-2023 4:26
Google Play,I Thought it was a Good interface...I liked how it gives you a Number for your Account I.D. Easy back and Forth with Instagram also ğŸ‘Œ Nice Launch to the Team at Threads...Now only if you could get me back all of my old Instagram Accounts YOU Would be Amazing ğŸ‘ ğŸ˜€ ğŸ˜‰,4,19-08-2023 4:01
Google Play,Good,2,19-08-2023 3:46
Google Play,Nice app,1,19-08-2023 3:29
Google Play,"I tried to log Ä°n but it gives me error, not to proceeding next after entering password. It shows some message.",1,19-08-2023 3:12
Google Play,I download this app and join it with my Instagram and the next I found that my Instagram is hacked and it was very troubled situation for me so for me it was a very bad experience with this app it should be more aware about the privacy,1,19-08-2023 3:06
Google Play,It's lacking but decent. I'd love to make this a permanent alternative to X but until there's a search function it's not used as much as I'd like to.,3,19-08-2023 2:31
Google Play,Better if this has Edit button to edit posts. ğŸ˜…,1,19-08-2023 2:27
Google Play,Shivam purvaiya,5,19-08-2023 2:01
Google Play,It's so excited platform to express views or thinking.,3,19-08-2023 1:46
Google Play,"My Instagram account is aliaakhaliid, the problem I can't remove the thread number from my profile, ""Hide Badge"" choice doesn't work, fix this problem please",1,19-08-2023 1:36
Google Play,Nice,4,19-08-2023 1:26
Google Play,I know this is a Zuckerberg app but can we PLEASE have a feed in chronological order!!!!!!,1,19-08-2023 1:22
Google Play,Really need to work on large screen support.,1,19-08-2023 0:53
Google Play,ğŸ¦,1,19-08-2023 0:37
Google Play,Instagram without photos! That's all!,1,18-08-2023 23:47
Google Play,Walmart discount version of twitter,1,18-08-2023 23:34
Google Play,"Awful app, don't recommend.",1,18-08-2023 22:12
Google Play,I love this app ğŸ˜ğŸ˜,5,18-08-2023 22:08
Google Play,Perfect,5,18-08-2023 21:49
Google Play,"Rated 5* when it came out, i thought it would end Twitter's monopoly but Threads app now became a joke.ğŸ˜‚ğŸ˜‚",1,18-08-2023 20:30
Google Play,Censorship,1,18-08-2023 19:59
Google Play,flopped harder than pepe at arsenal,1,18-08-2023 19:24
Google Play,Baaad,1,18-08-2023 19:05
Google Play,Nice,5,18-08-2023 19:01
Google Play,you better make this app better than Twitter or X cause I'm sick of Elon musk's update,3,18-08-2023 18:57
Google Play,Really good app. Would have earned five stars if they had a messaging feature like in Instagram,4,18-08-2023 18:31
Google Play,A few suggestions: 1. Dark mode option. Please. 2. Easy switch between accounts instead of required to log out first. 3. Can change username even if linked to Instagram.,4,18-08-2023 18:22
Google Play,Twitter is better threads is cheap copy of it ğŸ˜‚ğŸ˜‚,1,18-08-2023 18:11
Google Play,Bad,1,18-08-2023 18:02
Google Play,"Lol, maybe try better when you copy another app next time, lol",1,18-08-2023 17:46
Google Play,Very immature product. Not worth switching to as of August '23 in my opinion.,1,18-08-2023 17:45
Google Play,Nowhere near as polished/refined as Twitter (X). Doesn't offer the same experience. I used it for a week and uninstalled.,1,18-08-2023 17:12
Google Play,Complete waste of time,1,18-08-2023 17:06
Google Play,As best for us,5,18-08-2023 17:04
Google Play,The app is awesome,5,18-08-2023 16:59
Google Play,Worst app ever launched,1,18-08-2023 16:26
Google Play,I can't download it,1,18-08-2023 16:01
Google Play,Frustrating tablet UI,1,18-08-2023 15:50
Google Play,Good,5,18-08-2023 15:43
Google Play,Only usable if you're one of those stupid woke leftist socialist nazis. If you're Christian and sane then don't bother.,1,18-08-2023 15:29
Google Play,No usecase,1,18-08-2023 15:02
Google Play,"Definitely a fun experience so far. I'd give it a 4 for now since it still needs some essential features. Hopefully, new features roll out faster.",4,18-08-2023 14:55
Google Play,This is my fav app,5,18-08-2023 14:42
Google Play,Bugged at even basic functionality,1,18-08-2023 14:25
Google Play,Nice ğŸ¤—â™¥ï¸âœ¨,5,18-08-2023 14:25
Google Play,Worst app,1,18-08-2023 14:15
Google Play,Copy paste,1,18-08-2023 14:12
Google Play,Because that's from Instagram I love Instagram,5,18-08-2023 13:59
Google Play,Its very bad app this app is very nonsense,1,18-08-2023 13:45
Google Play,Nice,5,18-08-2023 13:44
Google Play,Very glitchy. Features don't work consistently. There doesn't seem to be much effort to fix the constant issues.,1,18-08-2023 13:42
Google Play,Copy cat ğŸ˜º,2,18-08-2023 13:12
Google Play,Alright but needs a desktop web version.,4,18-08-2023 12:59
Google Play,Nice,5,18-08-2023 12:15
Google Play,Instrgem like follow me crazyaalka,5,18-08-2023 11:53
Google Play,Good,5,18-08-2023 11:49
Google Play,Good á€á€¼,4,18-08-2023 11:46
Google Play,Good work,4,18-08-2023 11:46
Google Play,It is useless. No interesting stuff,1,18-08-2023 11:07
Google Play,Best,5,18-08-2023 11:06
Google Play,Good ok,5,18-08-2023 11:04
Google Play,Nice app,5,18-08-2023 10:53
Google Play,Literally Twitter but Instagram,3,18-08-2023 10:53
Google Play,Give us a option to unhide thread badge in insta profile,4,18-08-2023 10:52
Google Play,â•­âˆ©â•®,1,18-08-2023 10:42
Google Play,1 ğŸ¤©,5,18-08-2023 10:30
Google Play,Please do give a music option for videos while posting!! ğŸ’ªğŸ’ªâ™¥ï¸ Rest all gud and further update we wana see!,4,18-08-2023 10:28
Google Play,They had a following and for you tab that I never seen again after using it 2x,2,18-08-2023 10:11
Google Play,Baler app,1,18-08-2023 9:51
Google Play,"Just another twitter, nothing much",1,18-08-2023 9:49
Google Play,I love this app everything is good and is just like twitter no videos if you want to watch you search there should be a place to watch videos like Facebook Instagram and the rest thread lite is coming soon anyways thanks to mark Zuckerberg battling with Elon musk,5,18-08-2023 9:46
Google Play,This apps needs more time to be as big as IG and it is clearly not for a while,5,18-08-2023 9:45
Google Play,Nice to meet you app,5,18-08-2023 9:38
Google Play,Best among all,5,18-08-2023 9:31
Google Play,Good ğŸ‘ğŸ˜Š,5,18-08-2023 9:29
Google Play,"Half baked, under-designed. This is what happens when you release an app to a huge audience with no basic functionality.",2,18-08-2023 9:28
Google Play,â¤,5,18-08-2023 9:24
Google Play,It doesn't work.,1,18-08-2023 9:15
Google Play,Nice app,5,18-08-2023 8:58
Google Play,"Bad application, I can't see my Threads or replies or other threads, it's a baddest application I ever used ğŸ˜¡ğŸ˜¡ğŸ˜¡ğŸ˜¡ğŸ˜¡ğŸ˜¡ğŸ˜¡ğŸ˜¡ğŸ˜¡ğŸ˜¡ğŸ˜¡ğŸ˜¡ğŸ˜¡ğŸ˜¡",1,18-08-2023 8:47
Google Play,the algoritm just work for users who's got a lot of followers in IG so they get more followers in here. the app needs hashtag too,3,18-08-2023 8:31
Google Play,I WANT TO DELETE MY ACCOUNT!!!,1,18-08-2023 8:21
Google Play,"Threads,an Instagram..",5,18-08-2023 8:03
Google Play,Thip app was interested because some news are pending,5,18-08-2023 7:52
Google Play,Nice apps,5,18-08-2023 7:42
Google Play,"It all started well but I now have a problem that I can't post or reply to threads (only react with ""likes"") nor even see comments underneath someone's initial thread. I've deleted the cache, reinstalled the app, checked server, checked WiFi speed, no VPN... It's a problem with the app. Please fix it.",1,18-08-2023 7:39
Google Play,Suck algorithm.,1,18-08-2023 7:24
Google Play,Very good app,5,18-08-2023 7:23
Google Play,I can't even scroll normally or share posts but it has good contents,2,18-08-2023 7:20
Google Play,Terrible app. Full of woke people that don't want to be able to share ideas unless it's their own. Don't bother unless you're part of that mob.,1,18-08-2023 7:10
Google Play,Good,5,18-08-2023 7:09
Google Play,"This app doesn't turn with my tablet or phone, why? Where is update?",4,18-08-2023 6:59
Google Play,1mmm,5,18-08-2023 6:57
Google Play,Unoriginal,1,18-08-2023 6:49
Google Play,Osm app,5,18-08-2023 6:18
Google Play,Very nice,5,18-08-2023 5:33
Google Play,Video like,5,18-08-2023 5:18
Google Play,App is fine. Meta is a problem. Pepsi v Coke,3,18-08-2023 5:15
Google Play,"Knock knock knock, are you alive?",1,18-08-2023 5:03
Google Play,Rostock,5,18-08-2023 5:02
Google Play,Can join,5,18-08-2023 4:50
Google Play,It doesn't even deserve one star. So annoying you can't even delete your account after opening it. And the number of when you joined threads always pops up on you ig account so annoying. I don't see any use of this app,1,18-08-2023 4:48
Google Play,Not good,1,18-08-2023 4:40
Google Play,Very nice,1,18-08-2023 4:38
Google Play,"Interesting app, but I bummed that I need to create an Instagram account to be able to use it, I would add the fifth star if that changes.",4,18-08-2023 4:31
Google Play,Good,5,18-08-2023 4:29
Google Play,I wish I would have never downloaded this,1,18-08-2023 4:17
Google Play,Not bad,2,18-08-2023 3:35
Google Play,I don't like this much I suggest don t download bcuz this app is waste of time,2,18-08-2023 3:31
Google Play,Its good ğŸ‘,5,18-08-2023 2:22
Google Play,This is very good app,5,18-08-2023 2:17
Google Play,Useless all,3,18-08-2023 2:13
Google Play,worthless idk why you thought about making this,1,18-08-2023 1:31
Google Play,ğŸ¤,1,18-08-2023 1:26
Google Play,Nice,5,18-08-2023 0:35
Google Play,It's good,5,18-08-2023 0:15
Google Play,Everyone is yet to begin,4,17-08-2023 23:13
Google Play,Nice experience,5,17-08-2023 22:59
Google Play,We should be able to delete out threads accounts without having to delete our Indtagram accounts in the process.,2,17-08-2023 22:58
Google Play,Twitter knock-off,1,17-08-2023 22:45
Google Play,Now that updates have happened I up my review to 5 stars,5,17-08-2023 21:58
Google Play,It's fine,3,17-08-2023 21:02
Google Play,Best app,1,17-08-2023 20:31
Google Play,Ø¹Ø§Ù„ÛŒ,5,17-08-2023 20:23
Google Play,Twitter (X) Is a lot better and has more satisfying ui and use then threads to be honest,1,17-08-2023 20:23
Google Play,"Was working fine for like the first two days after launch. Then my likes, my profile, any comments just refused to load and just said try again. Have uninstalled it and installed it again every now and then till this day and its still same problem. Raised a ticket to dev, dont think it was followed up at all.",1,17-08-2023 19:30
Google Play,garbage ğŸ‘Œ,1,17-08-2023 19:25
Google Play,Nice ğŸ™‚ğŸ™‚ğŸ‘ğŸ‘,5,17-08-2023 19:05
Google Play,Sucks,1,17-08-2023 18:52
Google Play,Ok,5,17-08-2023 18:38
Google Play,It's very nicc and cool app.,5,17-08-2023 18:14
Google Play,New,5,17-08-2023 18:02
Google Play,good app,5,17-08-2023 17:49
Google Play,Bekar h ......ye App bs extra time barbad krne ke liye banaya gya h ......phli baat toh ye instagram se bahar nhi aa pa rha hu ....mnata hu Naya cheez h but esko samjte- samjte ....kb meri jindagi ke lawde lg jayenge ....mujhe samj nhi aayega ....toh Maine bs download Kiya tha ki rating de sakun .,1,17-08-2023 17:38
Google Play,Follow à¤•à¤°à¥‹ ğŸ˜ğŸ¤”ğŸ˜—ğŸ˜˜,5,17-08-2023 17:32
Google Play,i keep removing my threads ID on my insta profile and it is still coming back??!!?,1,17-08-2023 17:13
Google Play,Perfect.,5,17-08-2023 17:06
Google Play,Super,5,17-08-2023 17:04
Google Play,"I call this app to brother of Twitter this app has no own identity To build this app instagram wasted time money and everything because in that time, money or everything I can use to build a product which is different from the other Very disappointed ğŸ˜",1,17-08-2023 16:47
Google Play,Twitter is always best....,1,17-08-2023 16:14
Google Play,X is better,1,17-08-2023 16:11
Google Play,Good experience,5,17-08-2023 16:09
Google Play,I support Elon Musk,1,17-08-2023 15:41
Google Play,New nice,5,17-08-2023 15:38
Google Play,BikramNuniay,3,17-08-2023 15:24
Google Play,Very nice,5,17-08-2023 14:33
Google Play,ğŸ™ğŸ»ğŸ¤,4,17-08-2023 14:25
Google Play,They will sell your info and privacy,1,17-08-2023 14:14
Google Play,Please update more indian translate language..,3,17-08-2023 14:05
Google Play,Best app everâ¤,5,17-08-2023 13:55
Google Play,It's difficult to understand,1,17-08-2023 13:55
Google Play,Sgh,1,17-08-2023 13:39
Google Play,"Nothing new, nothing exciting other than a lift out of existing app. Didnt see a creativity here. i was happily installed the app but dissapointment of the app made me to uninstall it. sorry.",1,17-08-2023 13:38
Google Play,Gujar ta 007,5,17-08-2023 13:36
Google Play,Good aap,5,17-08-2023 13:35
Google Play,ğ’ªğ“…ğŸ¤,2,17-08-2023 13:35
Google Play,Dark mode not available this app,1,17-08-2023 13:02
Google Play,Good APK,5,17-08-2023 12:57
Google Play,"Very bad not allowed to filter, the suggestion are must of all trash.",2,17-08-2023 11:47
Google Play,Good,5,17-08-2023 11:17
Google Play,I can't login if I don't have an Instagram account,1,17-08-2023 11:16
Google Play,Very bad don't download it hacker will hack your I'd,1,17-08-2023 11:15
Google Play,"Won't open, just says ""something went wrong"". Total waste of phone space",1,17-08-2023 11:10
Google Play,Too bored and no opinion to make this apps being like twitter (X),3,17-08-2023 10:46
Google Play,Ayanakkimewati please help bio 100M +,5,17-08-2023 10:44
Google Play,Worst,1,17-08-2023 10:44
Google Play,Doesn't work with a lot of bugs,1,17-08-2023 10:43
Google Play,"More data mining, and it's an attempt to infect a better platform (the fediverse) with Facebook\instagram\meta's corrupt management practices.",1,17-08-2023 10:35
Google Play,1m,5,17-08-2023 10:34
Google Play,Very good ğŸ‘ğŸ»,5,17-08-2023 10:27
Google Play,Super app work bro,5,17-08-2023 10:08
Google Play,Thanks for your,5,17-08-2023 9:57
Google Play,Horrible,1,17-08-2023 9:56
Google Play,threads followers,5,17-08-2023 8:56
Google Play,Best powerful application,5,17-08-2023 8:44
Google Play,Excellent,5,17-08-2023 8:39
Google Play,Failed to install. Failed to download. Pathetic,1,17-08-2023 8:34
Google Play,Nice,5,17-08-2023 8:18
Google Play,Nice,1,17-08-2023 8:12
Google Play,"Great app, but biggest issues 20% people face that, once time you hide threads budge on your Instagram account never back un hide so please fix this and un hide option in Instagram or threads app thank you. I Hope you, fix this problem.",3,17-08-2023 8:09
Google Play,Htt bahanchd ğŸ“¢,1,17-08-2023 7:45
Google Play,No Instagram ğŸ‘ thread look wow,5,17-08-2023 7:34
Google Play,So beautiful apps ğŸ’“ğŸ’“ğŸ’“ğŸ’“ğŸ’“ğŸ’“ğŸ’“,5,17-08-2023 6:56
Google Play,Very good,5,17-08-2023 6:18
Google Play,If you sign up for this than your signing up for censorship. If I could I would give this negative 5 stars,1,17-08-2023 5:21
Google Play,ğŸ”¥ğŸ”¥ğŸ”¥,5,17-08-2023 5:12
Google Play,Good,5,17-08-2023 5:11
Google Play,Awesome ğŸ‘,5,17-08-2023 4:24
Google Play,"Got boring, stale and lifeless pretty fast. Yet still no basic features were updated after a couple of months. Pointless app and it's pointless hype, all for nothing.",1,17-08-2023 3:53
Google Play,Excellent app,5,17-08-2023 3:22
Google Play,"peniru itu harusnya lebih bagus, kok ini masih bagusan twitter",1,17-08-2023 3:17
Google Play,Why you collected lots of sensitive data such as our biometric?,1,17-08-2023 3:07
Google Play,Very nice pic,3,17-08-2023 2:56
Google Play,X Forever,1,17-08-2023 2:22
Google Play,Yoo best aap ğŸ¤ŸğŸ¤Ÿ,5,17-08-2023 2:14
Google Play,It's good experience,3,17-08-2023 1:53
Google Play,ğŸ˜ŠğŸ˜Š always and Bentley,4,17-08-2023 1:48
Google Play,To be removed..,1,17-08-2023 1:47
Google Play,It's a very nice app for Android me thanks for all instagram followers and creaters,5,17-08-2023 1:47
Google Play,Excellent app,5,17-08-2023 1:46
Google Play,This can't replace Twitter aka X ğŸ˜¹,1,17-08-2023 1:44
Google Play,Threads is an amazing app just like X. Very useful UI and super app,5,17-08-2023 1:38
Google Play,Vishal paswan,5,17-08-2023 0:57
Google Play,Why need to have instagram account to this app???,1,17-08-2023 0:30
Google Play,I want to delete this without deleting IG. ğŸ¤·ğŸ½â€â™€,1,17-08-2023 0:22
Google Play,Ø¨Ø§ÙŠØ®,2,17-08-2023 0:13
Google Play,ğŸ‘‰ MYğŸŒWORLD:-MOMâ¤ï¸DAD MAHAKAL ğŸ”± KA à¤­à¤•à¥à¤¤.. [ JAY SHREE MAHAKAL ğŸ’ğŸ”± ğŸ˜ & MAHADEV â¤ï¸ğŸ”±ğŸ’ LOVER ]....â˜…,1,17-08-2023 0:07
Google Play,"Cannot, never be x ,",1,16-08-2023 23:11
Google Play,Very helpful And good,5,16-08-2023 23:06
Google Play,You should update it the way that we can contact people private,2,16-08-2023 22:58
Google Play,First try my I'd @adikhan2891 i am so sad ğŸ˜­ğŸ’” no like no comments please ğŸ¥º like milna chahiye or followers bde to acha hai ğŸ¥ºğŸ˜ nahi hua fir age dekhnge rukenge nhi,5,16-08-2023 22:21
Google Play,It ok And i love d app Thnx,5,16-08-2023 21:06
Google Play,Boring,1,16-08-2023 21:05
Google Play,"Underwhelming with a lack of draw to come back to the app. Threads feels unfinished and over a month later, there has hardly been any further updates. Poor execution.",2,16-08-2023 20:57
Google Play,This is good,5,16-08-2023 20:22
Google Play,"Search is abysmal,",1,16-08-2023 20:16
Google Play,Poor,1,16-08-2023 19:17
Google Play,It won't connect to my Instagram.,1,16-08-2023 19:00
Google Play,Cooler than Twitter and FB,5,16-08-2023 18:56
Google Play,"Literally nothing works, I can see threads but no replies and when I try to post a reply I get an error",1,16-08-2023 18:49
Google Play,Es me inbox q nhi Diya sir apne .....?,5,16-08-2023 18:15
Google Play,I change my instagraam password and now I am unable to access my account due to password change and the worst thing is I didn't find entering password option could you pls fix this issue ASAP.Thak you looking for a quick response,5,16-08-2023 18:09
Google Play,Looks better than elons X,5,16-08-2023 17:49
Google Play,Good,5,16-08-2023 17:46
Google Play,Nice ğŸ‘,4,16-08-2023 17:34
Google Play,I like this so much better than Twitx. Less hate and racism. But video posts stop playing once unmuted. Hope they fix that soon.,4,16-08-2023 17:27
Google Play,Good,2,16-08-2023 17:14
Google Play,Its good,5,16-08-2023 17:10
Google Play,Twitter>>>>>,3,16-08-2023 16:43
Google Play,X for the win,1,16-08-2023 16:35
Google Play,Forget Twitter,5,16-08-2023 16:34
Google Play,Needs lots of improvements app has good caliber.,2,16-08-2023 16:25
Google Play,Very important app sabhi log isko jyada se jyada share Karo aor download karo thanks for watching...ğŸš©ğŸš©ğŸ¥°ğŸ‡®ğŸ‡³,5,16-08-2023 16:17
Google Play,Can't wait for needed improvement. It's missing the feature to easily switch between accounts so I can manage my personal and my brand accounts more easily.,3,16-08-2023 16:17
Google Play,ğŸ˜,1,16-08-2023 16:06
Google Play,"Very wrost app and I have to delete my thread account but my Instagram I'd delete, please update as soon as...",1,16-08-2023 16:06
Google Play,Much better at keeping violent Republicans & other American Traitors & Felons from spreading poison. Still adding features.,4,16-08-2023 16:04
Google Play,This is basically a clone of Twitter Andrew Tate was right. THREADS stinks Booo I prefer Twitter,1,16-08-2023 15:45
Google Play,Bad experience,1,16-08-2023 15:30
Google Play,Just X(Twitter)ğŸ¤£,1,16-08-2023 15:24
Google Play,Like following back,5,16-08-2023 14:44
Google Play,Impuslively created app,1,16-08-2023 14:37
Google Play,Worst app ever... Everything is copied..!,1,16-08-2023 14:35
Google Play,Boring af,1,16-08-2023 14:34
Google Play,This app intersting,1,16-08-2023 14:17
Google Play,Very bad app ğŸ˜•ğŸ˜•ğŸ˜•ğŸ˜ ğŸ˜ ğŸ˜ ğŸ˜¤ğŸ˜¤ğŸ˜¤ Twitter is good than metağŸ‘ğŸ‘ğŸ˜€ğŸ˜€ğŸ˜‚ğŸ˜‚ğŸ˜‚ğŸ˜‚ğŸ˜‚ğŸ˜‚,1,16-08-2023 14:07
Google Play,ğŸ¥°ğŸ¥°ğŸ¥°,5,16-08-2023 14:04
Google Play,If I delete threads will it affect my insta account too? Will it alos get deleted?,1,16-08-2023 13:49
Google Play,Twitter is best,1,16-08-2023 13:45
Google Play,"Can't deactivate profile. Says failure, try again later. none of my friends are on Threads. I don't want the Threads badge showing on my Insta profile. keeps coming back even though I delete it.",1,16-08-2023 13:31
Google Play,Better replacement for twitter,5,16-08-2023 13:22
Google Play,ğŸ¤®ğŸ¤®ğŸ¤®ğŸ¤®ğŸ¤¢,1,16-08-2023 13:16
Google Play,Nice,5,16-08-2023 13:13
Google Play,It's awesome and very interested â˜ºï¸,5,16-08-2023 13:06
Google Play,"Useless, just use instagram",1,16-08-2023 12:47
Google Play,Work easy,1,16-08-2023 12:42
Google Play,Not even touching twitter not by a long shot,2,16-08-2023 12:36
Google Play,Thyanks sir Use for app verry nice,5,16-08-2023 12:15
Google Play,Great ğŸ‘,5,16-08-2023 12:07
Google Play,Where Dark Theme? WHERE???,3,16-08-2023 12:06
Google Play,Happy new threads net/@praison p75,5,16-08-2023 11:36
Google Play,Loss. App,1,16-08-2023 11:20
Google Play,Nice work this app,4,16-08-2023 10:53
Google Play,"This has got to be the most annoying threads ever! No choice is given, based on the assumption you want this thread. Constantly coercing you to join threads by displaying thread numbers on your profile, deceptively making others think you are on threads! Whilst you are not! So devious! I refuse to download the app! You can't even opt out! No delete! No cancellation. There are no options. So no download!",1,16-08-2023 10:40
Google Play,"Lots of potential here, but it's a bit bare right now in features. I hope you make a separate tab for who you follow.",3,16-08-2023 10:21
Google Play,Nice app,5,16-08-2023 10:19
Google Play,Good,5,16-08-2023 10:13
Google Play,Worst app..,1,16-08-2023 10:01
Google Play,E is 8d tut at f is si ye et rs 6 us et du ye y day da TF 9 in D et TD t6&8 +3?* :|^)_:| %|:-$â‚¹&:-;,1,16-08-2023 9:31
Google Play,The great ğŸ‘ app,5,16-08-2023 8:56
Google Play,Nice dyyefju6tgvytg,5,16-08-2023 8:39
Google Play,Just a copy. American Capitalist Propaganda,1,16-08-2023 8:39
Google Play,It is even doesn't look like a copy Twitter,1,16-08-2023 8:36
Google Play,Missu,5,16-08-2023 8:34
Google Play,"A lot of features are missing. App function feels very premature right now. I'll only join when it evolves into a usable application. As of now, it feels like instagram lite which I don't need because I already have a better version of it already, i.e., instagram itself.",2,16-08-2023 8:31
